COMPANY_CD,FINANCIAL_YEAR,COUNTERPARTY_CD,CONTRACT_TYPE,INVOICE_DT,INVOICE_NO,INVOICE_SEQ,CRITERIA,DR_CR_FLAG,DR_CR_REF_NO,DR_CR_SEQ,ENT_BY,ENT_DT,REMARK
RIL,2021-2022,1,O,13/05/2021 00:00:00,L00036/21-22,36,10,CR,C0002/21-22,null,23,17/05/2021 00:00:00,Reversing this invoice from RIL DMD to RIL DTA
RIL,2019-2020,1,L,15/02/2020 00:00:00,0115/19-20,115,1,DR,D018/19-20,null,23,25/02/2020 00:00:00,Differenc ein exchnage rate and date
RIL,2020-2021,1,O,15/03/2021 00:00:00,00528/18-19,528,10,CR,C0005/20-21,null,49,19/03/2021 00:00:00,Wrongly addressed (to be corrected to RIL PG) 
MGL,2020-2021,2,S,31/03/2021 00:00:00,S0363/20-21,363,10,DR,D002/21-22,null,48,07/04/2021 00:00:00,TCS Debit Note
MGL,2024-2025,2,S,15/07/2024 00:00:00,SMH0039/24-25,39,1,DR,DMH014/24-25,null,219,22/07/2024 00:00:00,Difference in Exchange rate payment which is made to supplier
MGL,2024-2025,2,S,31/07/2024 00:00:00,SMH0043/24-25,43,1,DR,DMH015/24-25,null,201,06/08/2024 00:00:00,Ex rate Diff
GSPCL,2018-2019,3,O,25/12/2018 00:00:00,00281/17-18,472,1,CR,C006/18-19,null,12,02/01/2019 00:00:00,Issuance of Credit Note for FX Differential
GSPCL,2019-2020,3,S,31/01/2020 00:00:00,0095/19-20,95,1,DR,D006/19-20,null,23,04/02/2020 00:00:00,Ex rt for 31.01.2020 was published on 03.02.2020
Gail,2023-2024,4,O,30/06/2023 00:00:00,L00025/22-23,25,2,CR,C0003/23-24,null,113,05/07/2023 00:00:00,Credit note for price change
Gail,2019-2020,4,S,22/06/2019 00:00:00,0024/19-20,24,10,CR,C002/19-20,null,23,01/07/2019 00:00:00,Change of Billing Period
Gail,2019-2020,4,S,31/01/2020 00:00:00,0096/19-20,96,1,DR,D007/19-20,null,23,04/02/2020 00:00:00,Ex rt for 31.01.2020 was published on 03.02.2020
Gail,2020-2021,4,O,07/06/2020 00:00:00,L00113/20-21,113,1,DR,D0001/20-21,null,23,16/06/2020 00:00:00,Change in exchange rate and due date
Gail,2025-2026,4,X,15/05/2025 00:00:00,2SMH0015/25-26,15,6,CR,2CRMH0003/25-26,null,219,26/05/2025 00:00:00,Change in price
KRIBHCO,2019-2020,9,L,15/02/2020 00:00:00,0121/19-20,121,2,CR,C003/19-20,null,23,26/02/2020 00:00:00,decimal difference in price 
KRIBHCO,2020-2021,9,L,31/03/2021 00:00:00,S0368/20-21,368,10,DR,D009/21-22,null,48,07/04/2021 00:00:00,TCS Debit Note
KRIBHCO,2023-2024,9,L,15/04/2023 00:00:00,S0008/23-24,8,1,CR,C007/23-24,null,130,20/04/2023 00:00:00,Exchange Rate date was revised to 15 Apr23 from 13th Apr23
DFPCL,2022-2023,10,S,31/08/2022 00:00:00,SMH0049/22-23,49,10,DR,DMH001/22-23,null,23,05/09/2022 00:00:00,Imbalance charges
DFPCL,2022-2023,10,S,31/03/2023 00:00:00,SMH0193/22-23,193,10,DR,DMH031/22-23,null,49,03/04/2023 00:00:00,Ship or Pay Charges
DFPCL,2022-2023,10,S,31/01/2023 00:00:00,SMH0152/22-23,152,10,DR,DMH016/22-23,null,23,02/02/2023 00:00:00,Ship or pay charges
DFPCL,2022-2023,10,S,15/12/2022 00:00:00,SMH0128/22-23,128,10,DR,DMH008/22-23,null,153,20/12/2022 00:00:00,GAIL Imbalance Charges on account of off-take by DFPCL
DFPCL,2022-2023,10,S,31/12/2022 00:00:00,SMH0139/22-23,139,10,DR,DMH011/22-23,null,153,03/01/2023 00:00:00,GAIL Ship or Pay Charges for Transmission service for Dec-22
DFPCL,2023-2024,10,S,15/04/2023 00:00:00,SMH0003/21-22,3,1,CR,CMH001/23-24,null,130,20/04/2023 00:00:00,Exchange Rate date was revised to 15 Apr23 from 13th Apr23
IGL,2022-2023,23,X,12/09/2022 00:00:00,S0084/22-23,84,10,CR,C002/22-23,null,23,25/11/2022 00:00:00,SEI BU correction - SEI GJ to correct BU that is SEI MH
IGL,2022-2023,23,X,12/09/2022 00:00:00,S0085/22-23,85,10,CR,C003/22-23,null,23,25/11/2022 00:00:00,SEI BU correction - SEI GJ to correct BU that is SEI MH
HPCL,2023-2024,26,S,15/02/2024 00:00:00,SMH0178/23-24,178,1,DR,DMH034/23-24,null,201,21/02/2024 00:00:00,Ex rate difference 
HPCL,2023-2024,26,S,29/02/2024 00:00:00,SMH0185/23-24,185,1,CR,CMH016/23-24,null,201,05/03/2024 00:00:00,Ex rate difference
HPCL,2019-2020,26,S,15/04/2019 00:00:00,0005/19-20,5,10,CR,C001/19-20,null,23,17/04/2019 00:00:00,Reversal of invoice as change of billing address and tax details
HPCL,2023-2024,26,S,15/07/2023 00:00:00,S0087/23-24,87,2,CR,C011/23-24,null,23,20/07/2023 00:00:00,Change of price on downward side
HPCL,2024-2025,26,S,15/08/2024 00:00:00,SMH0049/24-25,49,1,CR,CMH012/24-25,null,201,21/08/2024 00:00:00,EX RATE DIFF
HPCL,2024-2025,26,S,31/08/2024 00:00:00,SMH0054/24-25,54,1,CR,CMH013/24-25,null,46,05/09/2024 00:00:00,DIFF IN EX RATE
HPCL,2024-2025,26,S,30/11/2024 00:00:00,S0242/24-25,242,10,DR,D032/24-25,null,201,03/12/2024 00:00:00,Ship or pay charges
HPCL,2024-2025,26,S,15/12/2024 00:00:00,S0253/24-25,253,10,DR,D034/24-25,null,46,17/12/2024 00:00:00,Imbalance charges
HPCL,2024-2025,26,S,30/04/2024 00:00:00,SMH0014/21-22,14,1,CR,CMH004/24-25,null,201,06/05/2024 00:00:00,Ex rate difference
HPCL,2024-2025,26,S,31/12/2024 00:00:00,S0264/24-25,264,10,N,S0264/24-25,null,46,03/01/2025 00:00:00,Change in quantity
GSFC,2019-2020,29,S,31/01/2020 00:00:00,0097/19-20,97,1,DR,D008/19-20,null,23,04/02/2020 00:00:00,Ex rt for 31.01.2020 was published on 03.02.2020
AMNS,2022-2023,33,S,15/10/2022 00:00:00,S0087/20-21,87,10,DR,DMH002/22-23,null,153,20/10/2022 00:00:00,GAIL Imbalance Charges for Transmission service for Oct1FN 2022
AMNS,2021-2022,33,O,29/09/2021 00:00:00,S0087/20-21,176,10,N,S0087/20-21,null,23,08/10/2021 00:00:00,Reduction in storage charge
AMNS,2021-2022,33,S,31/12/2021 00:00:00,S0191/21-22,191,10,CR,C006/21-22,null,23,04/01/2022 00:00:00,Change in invoice sequence number
AMNS,2023-2024,33,O,15/06/2023 00:00:00,L00020/23-24,20,10,CR,C0004/23-24,null,23,10/07/2023 00:00:00,Reversal of invoice
AMNS,2023-2024,33,S,15/10/2023 00:00:00,SMH0111/23-24,111,10,N,SMH0111/23-24,null,201,30/10/2023 00:00:00,CST AMT NEEDS TO BE REVERSED
AMNS,2019-2020,33,O,31/01/2020 00:00:00,00692/19-20,692,1,DR,D001/19-20,null,23,04/02/2020 00:00:00,Ex rt for 31.01.2020 was published on 03.02.2020
AMNS,2021-2022,33,O,10/08/2021 00:00:00,L00134/21-22,134,10,CR,C0003/21-22,null,49,01/09/2021 00:00:00,Storage payment Waiver
AMNS,2022-2023,33,S,31/10/2022 00:00:00,SMH0093/22-23,93,10,DR,DMH004/22-23,null,23,04/11/2022 00:00:00,Imbalance and Ship or Pay
AMNS,2022-2023,33,S,15/11/2022 00:00:00,SMH0103/22-23,103,10,DR,DMH006/22-23,null,49,18/11/2022 00:00:00,Imbalance charges for transmission service during Nov 1FN 2022
AMNS,2023-2024,33,S,31/10/2023 00:00:00,S0179/23-24,179,10,N,S0179/23-24,null,113,13/11/2023 00:00:00,Qty shift from GJ to MH
AMNS,2023-2024,33,S,31/10/2023 00:00:00,SMH0121/23-24,121,10,N,SMH0121/23-24,null,113,13/11/2023 00:00:00,Qty Shift from GJ to MH
AMNS,2020-2021,33,S,31/03/2021 00:00:00,S0364/20-21,364,10,DR,D003/21-22,null,48,07/04/2021 00:00:00,TCS Debit Note
AMNS,2023-2024,33,O,15/04/2023 00:00:00,00002/19-20,2,1,CR,C0001/23-24,null,130,20/04/2023 00:00:00,Exchange Rate date was revised to 15 Apr23 from 13th Apr23
AMNS,2023-2024,33,S,15/04/2023 00:00:00,S0004/22-23,4,10,N,S0004/22-23,null,130,20/04/2023 00:00:00,Exchange Rate date was revised to 15 Apr23 from 13th Apr23
AMNS,2023-2024,33,O,20/08/2023 00:00:00,L00049/22-23,49,10,N,L00049/22-23,null,23,23/08/2023 00:00:00,FMS Bug incorrect gross rupees
AMNS,2023-2024,33,S,31/08/2023 00:00:00,S0117/23-24,117,10,N,S0117/23-24,null,113,04/09/2023 00:00:00,Credit note for TT differential
AMNS,2025-2026,33,S,30/06/2025 00:00:00,2SMH0036/25-26,36,10,CR,2CRMH0006/25-26,null,46,02/07/2025 00:00:00,Change in Price
AMNS,2024-2025,33,S,31/03/2025 00:00:00,SMH0116/24-25,116,3,DR,2DRMH0012/25-26,null,4,10/09/2025 16:52:58,TESTING 20250910
SEMTPL,2023-2024,34,S,30/06/2023 00:00:00,SMH0054/23-24,54,10,DR,DMH016/23-24,null,113,05/07/2023 00:00:00,Differential price from 16-19-Jun-23
SEMTPL,2023-2024,34,S,15/06/2023 00:00:00,SMH0044/23-24,44,10,DR,DMH013/23-24,null,113,30/06/2023 00:00:00,Imbalance charges
SEMTPL,2023-2024,34,S,31/10/2023 00:00:00,SMH0118/23-24,118,3,CR,CMH014/23-24,null,23,07/11/2023 00:00:00,partial qty to be shifted to seller GJ BU
SEMTPL,2019-2020,34,S,31/01/2020 00:00:00,0101/19-20,101,1,DR,D012/19-20,null,23,04/02/2020 00:00:00,Ex rt for 31.01.2020 was published on 03.02.2020
SEMTPL,2024-2025,34,S,31/03/2025 00:00:00,SAP0031/24-25,31,3,CR,CAP001/24-25,null,46,04/04/2025 00:00:00,Incorrect tax
SEMTPL,2025-2026,34,S,31/07/2025 00:00:00,0088/19-20,88,10,DR,2DRGJ0003/25-26,null,44,05/08/2025 00:00:00,Debit Note for TT charges due to Mhaskal delivery point
SEMTPL,2024-2025,34,S,15/10/2024 00:00:00,S0067/20-21,67,1,CR,CMH016/24-25,null,46,18/10/2024 00:00:00,DIFF IN EX RATE
SEMTPL,2024-2025,34,S,31/03/2025 00:00:00,SAP0032/24-25,32,2,CR,CAP002/24-25,null,46,09/04/2025 00:00:00,Change in price
SEMTPL,2025-2026,34,S,30/04/2025 00:00:00,2SAP0004/25-26,4,3,CR,2CRAP0003/25-26,null,219,06/05/2025 00:00:00,Difference in QTY
SGIPL,2020-2021,35,S,15/10/2020 00:00:00,S0235/20-21,235,7,DR,D045/20-21,null,23,16/10/2020 00:00:00,Differential VAT Debit Note
SGIPL,2020-2021,35,S,31/10/2020 00:00:00,S0254/20-21,254,7,DR,D048/20-21,null,48,02/11/2020 00:00:00,Differential VAT debit note
SGIPL,2019-2020,35,S,31/01/2020 00:00:00,0098/19-20,98,1,DR,D009/19-20,null,23,04/02/2020 00:00:00,Ex rt for 31.01.2020 was published on 03.02.2020
SGIPL,2019-2020,35,S,31/01/2020 00:00:00,0099/19-20,99,1,DR,D010/19-20,null,23,04/02/2020 00:00:00,Ex rt for 31.01.2020 was published on 03.02.2020
SGIPL,2020-2021,35,S,31/03/2021 00:00:00,S0366/20-21,366,10,DR,D005/21-22,null,48,07/04/2021 00:00:00,TCS Debit Note
SGIPL,2020-2021,35,S,31/03/2021 00:00:00,S0365/20-21,365,10,DR,D004/21-22,null,48,07/04/2021 00:00:00,TCS Debit Note
PGPGPL,2023-2024,37,S,15/07/2023 00:00:00,S0083/23-24,83,2,CR,C012/23-24,null,23,20/07/2023 00:00:00,Change of price on downward side
PGPGPL,2023-2024,37,S,15/07/2023 00:00:00,S0084/23-24,84,2,CR,C013/23-24,null,23,20/07/2023 00:00:00,Change of price on downward side
HCG,2023-2024,38,S,29/02/2024 00:00:00,S0390/23-24,390,1,CR,C036/23-24,null,201,05/03/2024 00:00:00,Ex rate diff
HCG,2023-2024,38,S,15/10/2023 00:00:00,S0166/21-22,166,10,DR,D008/23-24,null,201,17/10/2023 00:00:00,positive and negative imbalance charge invoice 
HCG,2023-2024,38,S,30/11/2023 00:00:00,S0215/23-24,215,10,DR,D022/23-24,null,113,03/12/2023 00:00:00,Imbalance charges
HCG,2023-2024,38,S,31/12/2023 00:00:00,S0262/23-24,262,1,DR,D024/23-24,null,201,04/01/2024 00:00:00,Ex Rate difference
HCG,2020-2021,38,S,31/03/2021 00:00:00,S0371/20-21,371,10,DR,D001/21-22,null,48,05/04/2021 00:00:00,Imbalance Debit Note
HCG,2023-2024,38,S,15/01/2024 00:00:00,S0320/23-24,320,10,DR,D026/23-24,null,201,18/01/2024 00:00:00,Imbalance charges 
HCG,2023-2024,38,S,15/02/2024 00:00:00,S0370/20-21,370,10,DR,D007/21-22,null,46,21/02/2024 00:00:00,Difference in exchange rate
HCG,2023-2024,38,S,31/01/2024 00:00:00,S0350/20-21,350,3,DR,D032/23-24,null,113,02/02/2024 00:00:00,Qty Change
HCG,2023-2024,38,S,31/10/2023 00:00:00,S0175/23-24,175,10,DR,D010/23-24,null,201,03/11/2023 00:00:00,IMBALANCE QTY
HCG,2023-2024,38,S,15/11/2023 00:00:00,S0190/23-24,190,10,DR,D014/23-24,null,113,17/11/2023 00:00:00,Imbalance Charges
HCG,2020-2021,38,S,31/03/2021 00:00:00,S0370/20-21,370,10,DR,D007/21-22,null,48,07/04/2021 00:00:00,TCS Debit Note
HCG,2020-2021,38,S,31/03/2021 00:00:00,S0369/20-21,369,10,DR,D006/21-22,null,48,07/04/2021 00:00:00,TCS Debit Note
HCG,2023-2024,38,S,15/06/2023 00:00:00,S0061/23-24,61,10,DR,D001/23-24,null,23,20/06/2023 00:00:00,Imbalance charges
HCG,2023-2024,38,S,15/12/2023 00:00:00,S0228/23-24,228,1,CR,C028/23-24,null,201,20/12/2023 00:00:00,Ex Rate Difference 
HCG,2023-2024,38,S,31/03/2024 00:00:00,S0438/23-24,438,1,DR,D002/24-25,null,46,04/04/2024 00:00:00,Diff in exchange rate
HCG,2024-2025,38,S,31/05/2024 00:00:00,S0065/21-22,65,10,DR,D007/24-25,null,46,04/06/2024 00:00:00,Imbalance charges
HCG,2024-2025,38,S,15/08/2024 00:00:00,S0161/24-25,161,10,DR,D020/24-25,null,201,20/08/2024 00:00:00,IMBALANCE CHARGES
HCG,2024-2025,38,S,15/08/2024 00:00:00,S0160/24-25,160,1,CR,C004/24-25,null,46,21/08/2024 00:00:00,Diff in ex rate
HCG,2024-2025,38,S,31/08/2024 00:00:00,S0179/21-22,179,10,DR,D022/24-25,null,46,03/09/2024 00:00:00,IMBALANCE CHARGES
HCG,2024-2025,38,S,31/08/2024 00:00:00,S0180/24-25,180,1,CR,C005/24-25,null,201,05/09/2024 00:00:00,Ex rate difference
HCG,2024-2025,38,S,15/09/2024 00:00:00,S0193/24-25,193,1,CR,C006/24-25,null,201,20/09/2024 00:00:00,EX RATE DIFFERENCE
HCG,2024-2025,38,S,30/09/2024 00:00:00,S0201/24-25,201,1,CR,C008/24-25,null,46,07/10/2024 00:00:00,EX RATE DIFFERENCE
HCG,2023-2024,38,S,15/03/2024 00:00:00,S0403/23-24,403,1,CR,C040/23-24,null,46,20/03/2024 00:00:00,C040/23-24-Diff in exchange rate
HCG,2024-2025,38,S,01/04/2024 00:00:00,S0001/24-25,1,10,N,S0001/24-25,null,113,05/04/2024 00:00:00,FOR Diff in exchange rate
HCG,2024-2025,38,S,31/07/2024 00:00:00,S0145/24-25,145,1,CR,C003/24-25,null,46,06/08/2024 00:00:00,Diff in ex rate
GGL,2021-2022,39,S,15/10/2021 00:00:00,S0146/21-22,146,3,CR,C005/21-22,null,23,20/10/2021 00:00:00,Change in billing qty
GGL,2022-2023,39,S,15/03/2023 00:00:00,S0268/22-23,268,10,DR,D028/22-23,null,49,17/03/2023 00:00:00,Transportation Charge
GGL,2019-2020,39,S,31/01/2020 00:00:00,0100/19-20,100,1,DR,D011/19-20,null,23,04/02/2020 00:00:00,Ex rt for 31.01.2020 was published on 03.02.2020
GGL,2022-2023,39,S,31/08/2022 00:00:00,S0079/22-23,79,10,DR,D013/22-23,null,23,02/09/2022 00:00:00,Ship or pay charges
GGL,2023-2024,39,S,15/09/2023 00:00:00,S0127/23-24,127,10,DR,D007/23-24,null,23,10/10/2023 00:00:00,Shortfall of quantity billed
GGL,2020-2021,39,S,31/03/2021 00:00:00,S0367/20-21,367,10,DR,D008/21-22,null,48,07/04/2021 00:00:00,TCS Debit Note
GGL,2022-2023,39,S,15/06/2022 00:00:00,S0022/22-23,22,10,DR,D004/22-23,null,23,17/06/2022 00:00:00,Imbalance charges
GGL,2023-2024,39,S,15/04/2023 00:00:00,S0004/23-24,4,1,CR,C005/23-24,null,130,20/04/2023 00:00:00,Exchange Rate date was revised to 15 Apr23 from 13th Apr23
GGL,2023-2024,39,S,15/03/2024 00:00:00,SMH0192/23-24,192,2,DR,DMH037/23-24,null,23,19/03/2024 00:00:00,Change of price
GGL,2024-2025,39,S,15/05/2024 00:00:00,SMH0017/24-25,17,1,CR,CMH006/24-25,null,201,22/05/2024 00:00:00,Ex rate difference
GGL,2024-2025,39,S,31/05/2024 00:00:00,SMH0020/24-25,20,1,DR,DMH006/24-25,null,201,07/06/2024 00:00:00,Ex rate difference
GGL,2024-2025,39,S,30/06/2024 00:00:00,SMH0032/24-25,32,1,DR,DMH007/24-25,null,219,05/07/2024 00:00:00,Exchange rate Difference 
GGL,2024-2025,39,S,15/07/2024 00:00:00,SMH0037/24-25,37,1,DR,DMH012/24-25,null,219,22/07/2024 00:00:00,Difference in Exchange rate payment which is made to supplier
GGL,2024-2025,39,S,15/08/2024 00:00:00,S0050/23-24,50,1,CR,CMH010/24-25,null,201,21/08/2024 00:00:00,EX RATE DIFF
GGL,2024-2025,39,S,31/08/2024 00:00:00,S0055/20-21,55,1,DR,DMH020/24-25,null,46,05/09/2024 00:00:00,DIFF IN EX RATE
GGL,2024-2025,39,S,30/09/2024 00:00:00,SMH0061/24-25,61,1,DR,DMH022/24-25,null,46,07/10/2024 00:00:00,EX RATE DIFF
GGL,2024-2025,39,S,15/10/2024 00:00:00,SMH0065/24-25,65,1,DR,DMH025/24-25,null,46,21/10/2024 00:00:00,DIFF IN EX RATE
GGL,2024-2025,39,S,31/10/2024 00:00:00,SMH0070/24-25,70,1,DR,DMH029/24-25,null,46,07/11/2024 00:00:00,Diff in exchange rate
GGL,2024-2025,39,S,15/03/2025 00:00:00,SMH0109/24-25,109,1,CR,CMH024/24-25,null,46,20/03/2025 00:00:00,DIFF IN EX RATE
GGL,2024-2025,39,S,15/04/2024 00:00:00,S0005/20-21,5,1,DR,DMH003/24-25,null,46,22/04/2024 00:00:00,DIFF IN EXCHANGE RATE
GGL,2023-2024,39,S,31/03/2024 00:00:00,SMH0203/23-24,203,1,DR,DMH002/24-25,null,46,22/04/2024 00:00:00,DIFF IN EX RATE
GGL,2024-2025,39,S,30/04/2024 00:00:00,SMH0010/24-25,10,1,CR,CMH002/24-25,null,201,06/05/2024 00:00:00,Ex rate difference
GGL,2024-2025,39,S,15/06/2024 00:00:00,SMH0024/24-25,24,1,CR,CMH007/24-25,null,219,20/06/2024 00:00:00,Different in Exchange rate
GGL,2024-2025,39,S,31/07/2024 00:00:00,SMH0044/24-25,44,1,DR,DMH016/24-25,null,201,06/08/2024 00:00:00,Ex rate diff
GGL,2024-2025,39,S,15/09/2024 00:00:00,S0058/23-24,58,1,CR,CMH014/24-25,null,201,20/09/2024 00:00:00,EX RATE DIFFERENCE
GGL,2024-2025,39,X,28/02/2025 00:00:00,S0316/24-25,316,10,CR,C011/24-25,null,201,13/03/2025 00:00:00,change in price
GGL,2024-2025,39,S,31/03/2025 00:00:00,S0113/23-24,113,1,DR,2DRMH0003/25-26,null,201,09/04/2025 00:00:00,EX RATE DIFFERENCE
IFFCO,2023-2024,41,L,15/04/2023 00:00:00,S0009/23-24,9,1,CR,C008/23-24,null,130,20/04/2023 00:00:00,Exchange Rate date was revised to 15 Apr23 from 13th Apr23
HGL-RLNG,2021-2022,42,S,31/08/2021 00:00:00,S0124/21-22,124,10,DR,D017/21-22,null,23,02/09/2021 00:00:00,Imbalance and unauthorized over run charges
HGL-RLNG,2021-2022,42,S,15/09/2021 00:00:00,S0131/21-22,131,10,DR,D019/21-22,null,49,20/09/2021 00:00:00,Imbalance charges for transmission service during Sep 1FN 2021
HGL-RLNG,2021-2022,42,S,28/02/2022 00:00:00,S0215/21-22,215,10,DR,D033/21-22,null,23,02/03/2022 00:00:00,Imbalance charges
HGL-RLNG,2021-2022,42,S,15/03/2022 00:00:00,S0222/21-22,222,10,DR,D034/21-22,null,23,17/03/2022 00:00:00,Imbalance charges
HGL-RLNG,2021-2022,42,S,31/07/2021 00:00:00,S0102/21-22,102,3,DR,D014/21-22,null,49,03/08/2021 00:00:00,Imbalance charges for transmission service during July 2FN 2021
HGL-RLNG,2021-2022,42,S,15/10/2021 00:00:00,S0143/21-22,143,10,DR,D021/21-22,null,23,18/10/2021 00:00:00,Debit note for imbalance charges
HGL-RLNG,2021-2022,42,S,31/10/2021 00:00:00,S0151/21-22,151,10,DR,D023/21-22,null,23,02/11/2021 00:00:00,Imbalance charges
HGL-RLNG,2021-2022,42,S,30/11/2021 00:00:00,S0168/21-22,168,10,DR,D025/21-22,null,49,02/12/2021 00:00:00,Imbalance / unauthorized over run charges for transmission service during Nov 2FN 2021
HGL-RLNG,2021-2022,42,S,15/12/2021 00:00:00,S0180/21-22,180,10,DR,D026/21-22,null,23,17/12/2021 00:00:00,Imbalance charges
HGL-RLNG,2021-2022,42,S,31/12/2021 00:00:00,S0188/21-22,188,10,DR,D027/21-22,null,23,04/01/2022 00:00:00,Imbalance charges
HGL-RLNG,2021-2022,42,S,15/01/2022 00:00:00,S0195/21-22,195,10,DR,D028/21-22,null,23,17/01/2022 00:00:00,Imbalance charges
HGL-RLNG,2021-2022,42,S,31/01/2022 00:00:00,S0199/21-22,199,10,DR,D030/21-22,null,23,02/02/2022 00:00:00,Imbalance charges
HGL-RLNG,2021-2022,42,S,15/07/2021 00:00:00,S0091/21-22,91,10,DR,D012/21-22,null,49,19/07/2021 00:00:00,Imbalance and Overrun Charges 
HGL-RLNG,2021-2022,42,S,30/09/2021 00:00:00,S0137/21-22,137,10,DR,D020/21-22,null,49,05/10/2021 00:00:00,Imbalance Charges 
HGL-RLNG,2021-2022,42,S,15/11/2021 00:00:00,S0159/21-22,159,10,DR,D024/21-22,null,49,17/11/2021 00:00:00,Imbalance / unauthorized over run charges for transmission service during Nov 1FN 2021 against GAIL invoice GJG2A21103001989
HGL-RLNG,2021-2022,42,S,15/02/2022 00:00:00,S0209/21-22,209,10,DR,D032/21-22,null,23,17/02/2022 00:00:00,Imbalance charges
HGL-RLNG,2021-2022,42,S,15/04/2021 00:00:00,S0008/21-22,8,10,DR,D010/21-22,null,48,19/04/2021 00:00:00,Imbalance Debit Note
HGL-RLNG,2021-2022,42,S,05/05/2021 00:00:00,S0022/21-22,22,10,DR,D011/21-22,null,23,17/05/2021 00:00:00,Imbalance invoice
HGL-RLNG,2021-2022,42,S,15/08/2021 00:00:00,S0115/21-22,115,10,DR,D016/21-22,null,23,17/08/2021 00:00:00,Imbalance and unauthorized over run charges
HSIL,2020-2021,45,S,31/10/2020 00:00:00,S0262/20-21,262,10,DR,D047/20-21,null,48,03/11/2020 00:00:00,Imbalance Debit Note
HSIL,2023-2024,45,S,30/06/2023 00:00:00,SMH0050/23-24,50,10,DR,DMH015/23-24,null,113,05/07/2023 00:00:00,PIL Imbalance_ Overrun Charges on account of off-take variation
HSIL,2020-2021,45,S,15/10/2020 00:00:00,S0243/20-21,243,10,DR,D046/20-21,null,48,19/10/2020 00:00:00,Imbalance Debit Note
HSIL,2022-2023,45,S,15/03/2023 00:00:00,SMH0185/22-23,185,10,DR,DMH028/22-23,null,49,17/03/2023 00:00:00,Imbalance charges for transmission service
HSIL,2023-2024,45,S,15/06/2023 00:00:00,SMH0038/23-24,38,10,DR,DMH012/23-24,null,113,20/06/2023 00:00:00,Imbalance Charges
HSIL,2024-2025,45,S,15/01/2025 00:00:00,SMH0084/24-25,84,10,DR,DMH039/24-25,null,46,20/01/2025 00:00:00,Imbalance charges
HSIL,2024-2025,45,S,15/01/2025 00:00:00,SAP0018/24-25,18,10,DR,DAP004/24-25,null,46,20/01/2025 00:00:00,Imbalance charges
HSIL,2024-2025,45,S,31/01/2025 00:00:00,SMH0087/24-25,87,10,DR,DMH040/24-25,null,46,04/02/2025 00:00:00,Imbalance charges
HSIL,2024-2025,45,S,31/01/2025 00:00:00,SAP0020/24-25,20,10,DR,DAP005/24-25,null,46,04/02/2025 00:00:00,Imbalance charges
HSIL,2024-2025,45,S,15/02/2025 00:00:00,SMH0095/24-25,95,10,DR,DMH042/24-25,null,46,18/02/2025 00:00:00,Imbalance charges
HSIL,2024-2025,45,S,15/03/2025 00:00:00,SMH0111/24-25,111,10,DR,DMH044/24-25,null,46,18/03/2025 00:00:00,Imbalance charges
HSIL,2024-2025,45,S,15/03/2025 00:00:00,SMH0026/22-23,26,10,DR,DAP007/24-25,null,46,18/03/2025 00:00:00,Imbalance charges
HSIL,2024-2025,45,S,28/02/2025 00:00:00,SAP0024/24-25,24,10,DR,DAP006/24-25,null,46,04/03/2025 00:00:00,Imbalance charges
HSIL,2024-2025,45,S,28/02/2025 00:00:00,SMH0107/24-25,107,10,CR,CMH022/24-25,null,201,04/03/2025 00:00:00,SHIP OR PAY CHARGES
HSIL,2024-2025,45,S,31/03/2025 00:00:00,SAP0030/24-25,30,10,DR,DAP008/24-25,null,46,02/04/2025 00:00:00,Imbalance charges
KFL,2020-2021,47,L,31/12/2020 00:00:00,S0313/20-21,313,10,DR,D049/20-21,null,48,04/01/2021 00:00:00,Ship or Pay Invoice
KFL,2023-2024,47,L,15/04/2023 00:00:00,S0001/23-24,1,1,CR,C001/23-24,null,130,20/04/2023 00:00:00,Exchange Rate date was revised to 15 Apr23 from 13th Apr23
MINDA,2022-2023,54,S,31/10/2022 00:00:00,SMH0091/22-23,91,10,DR,DMH003/22-23,null,130,03/11/2022 00:00:00,GAIL ship or pay and Imbalance charges for transmission service for Oct2FN 2022
MINDA,2022-2023,54,S,31/03/2023 00:00:00,SMH0197/22-23,197,10,DR,DMH029/22-23,null,49,03/04/2023 00:00:00,Ship or Pay and Imbalance Charges
MINDA,2023-2024,54,S,15/05/2023 00:00:00,SMH0024/23-24,24,2,CR,CMH009/23-24,null,49,18/05/2023 00:00:00,Change in Price
MINDA,2022-2023,54,S,28/02/2023 00:00:00,SMH0172/22-23,172,10,DR,DMH023/22-23,null,153,03/03/2023 00:00:00,GAIL Imbalance and Ship or Pay charges for transmission service for Feb 2023
MINDA,2022-2023,54,S,31/01/2023 00:00:00,SMH0154/22-23,154,10,DR,DMH014/22-23,null,23,02/02/2023 00:00:00,Imbalance charges
MINDA,2022-2023,54,S,15/03/2023 00:00:00,SMH0187/22-23,187,10,DR,DMH024/22-23,null,49,17/03/2023 00:00:00,Imbalance charges for transmission service
MINDA,2022-2023,54,S,15/11/2022 00:00:00,SMH0097/22-23,97,10,DR,DMH005/22-23,null,49,17/11/2022 00:00:00,Imbalance Charges on account of lower off take
MINDA,2022-2023,54,S,31/12/2022 00:00:00,SMH0140/22-23,140,10,DR,DMH010/22-23,null,153,03/01/2023 00:00:00,GAIL Imbalance and Ship or Pay charges for transmission service for Dec 2022
MINDA,2022-2023,54,S,15/01/2023 00:00:00,SMH0144/22-23,144,10,DR,DMH012/22-23,null,49,17/01/2023 00:00:00,Imbalance Charges on account of lower off take
MINDA,2023-2024,54,S,15/04/2023 00:00:00,SMH0001/23-24,1,10,DR,DMH001/23-24,null,130,19/04/2023 00:00:00,GAIL Imbalance  Charges on account of off-take variation
HCGD-B,2024-2025,58,S,15/07/2024 00:00:00,S0129/24-25,129,1,DR,D012/24-25,null,219,22/07/2024 00:00:00,Difference in Exchange rate payment which is made to supplier
HCGD-B,2024-2025,58,S,31/07/2024 00:00:00,S0146/24-25,146,1,DR,D016/24-25,null,46,07/08/2024 00:00:00,Difference in Exchange rate payment which is made to supplier
HCGD-B,2024-2025,58,S,31/08/2024 00:00:00,S0182/24-25,182,10,DR,D023/24-25,null,46,03/09/2024 00:00:00,IMBALANCE CH
HCGD-B,2024-2025,58,S,31/10/2024 00:00:00,S0219/24-25,219,10,DR,D027/24-25,null,46,05/11/2024 00:00:00,Imbalance charges
HCGD-B,2024-2025,58,S,15/11/2024 00:00:00,S0228/24-25,228,10,DR,D029/24-25,null,201,19/11/2024 00:00:00,Imbalance charges
SISECAM,2021-2022,70,S,31/08/2021 00:00:00,S0121/21-22,121,10,DR,D018/21-22,null,23,02/09/2021 00:00:00,Imbalance charges
SISECAM,2021-2022,70,S,15/03/2022 00:00:00,S0223/21-22,223,10,DR,D035/21-22,null,23,17/03/2022 00:00:00,Imbalance charges
SISECAM,2022-2023,70,S,15/04/2022 00:00:00,S0003/22-23,3,10,DR,D001/22-23,null,23,19/04/2022 00:00:00,Imbalance charges
SISECAM,2022-2023,70,S,15/09/2022 00:00:00,S0088/22-23,88,10,DR,D016/22-23,null,23,20/09/2022 00:00:00,Ship or pay and imbalance charges
SISECAM,2022-2023,70,S,15/11/2022 00:00:00,S0135/22-23,135,10,DR,D020/22-23,null,23,17/11/2022 00:00:00,Ship or pay charges
SISECAM,2022-2023,70,S,31/01/2023 00:00:00,S0222/22-23,222,10,DR,D025/22-23,null,23,02/02/2023 00:00:00,Imbalance charges and ship or pay charges
SISECAM,2022-2023,70,S,28/02/2023 00:00:00,S0255/22-23,255,10,DR,D027/22-23,null,153,03/03/2023 00:00:00,GSPL Imbalance for transmission service for Feb2FN 2023
SISECAM,2023-2024,70,S,15/10/2023 00:00:00,S0161/21-22,161,10,DR,D009/23-24,null,201,17/10/2023 00:00:00,Unauthorized overrun and negative imbalance charges
SISECAM,2021-2022,70,S,31/07/2021 00:00:00,S0103/21-22,103,10,DR,D015/21-22,null,49,03/08/2021 00:00:00,GSPL Imbalance charges for transmission service during July 2FN 2021
SISECAM,2021-2022,70,S,15/10/2021 00:00:00,S0145/21-22,145,10,DR,D022/21-22,null,23,18/10/2021 00:00:00,Imbalance charges
SISECAM,2022-2023,70,S,31/05/2022 00:00:00,S0015/22-23,15,10,DR,D002/22-23,null,23,02/06/2022 00:00:00,Imbalance charges
SISECAM,2022-2023,70,S,30/06/2022 00:00:00,S0042/22-23,42,10,DR,D005/22-23,null,23,12/07/2022 00:00:00,Ship or pay monthly charge invoice
SISECAM,2022-2023,70,S,15/08/2022 00:00:00,S0072/22-23,72,10,DR,D010/22-23,null,23,18/08/2022 00:00:00,Imbalance charges and ship or pay charges
SISECAM,2022-2023,70,S,30/09/2022 00:00:00,S0091/22-23,91,10,DR,D017/22-23,null,49,04/10/2022 00:00:00,Ship or Pay and Imbalance Charges
SISECAM,2022-2023,70,S,15/10/2022 00:00:00,S0099/22-23,99,10,DR,D018/22-23,null,153,18/10/2022 00:00:00,GSPL Ship or Pay Charges for Transmission service for Oct1FN 2022
SISECAM,2022-2023,70,S,30/11/2022 00:00:00,S0171/22-23,171,10,DR,D021/22-23,null,49,02/12/2022 00:00:00,Ship or Pay and Imbalance Charges
SISECAM,2023-2024,70,S,31/10/2023 00:00:00,S0178/21-22,178,10,N,S0178/21-22,null,201,03/11/2023 00:00:00,IMBALANCE QTY
SISECAM,2023-2024,70,S,31/10/2023 00:00:00,S0170/21-22,170,10,DR,D012/23-24,null,201,03/11/2023 00:00:00,IMBALANCE QTY 
SISECAM,2022-2023,70,S,15/01/2023 00:00:00,S0210/22-23,210,10,DR,D024/22-23,null,49,17/01/2023 00:00:00,Ship or Pay and Imbalance Charges
SISECAM,2021-2022,70,S,15/07/2021 00:00:00,S0092/21-22,92,10,DR,D013/21-22,null,49,19/07/2021 00:00:00,Imbalance charges for transmission service during July 1FN 2021
SISECAM,2021-2022,70,S,15/02/2022 00:00:00,S0208/21-22,208,10,DR,D031/21-22,null,23,17/02/2022 00:00:00,Imbalance charges
SISECAM,2022-2023,70,S,31/07/2022 00:00:00,S0058/22-23,58,10,DR,D008/22-23,null,23,03/08/2022 00:00:00,Imbalance and Ship or Pay for 16-31 July 2022
SISECAM,2022-2023,70,S,31/10/2022 00:00:00,S0122/22-23,122,10,DR,D019/22-23,null,130,03/11/2022 00:00:00,GSPL ship or pay charges for transmission service for Oct2FN 2022
SISECAM,2022-2023,70,S,31/08/2022 00:00:00,S0078/22-23,78,10,DR,D014/22-23,null,23,05/09/2022 00:00:00,Ship or pay charges
SISECAM,2022-2023,70,S,15/02/2023 00:00:00,S0225/22-23,225,10,DR,D026/22-23,null,130,17/02/2023 00:00:00,GSPL ship or pay charges for transmission service for Feb1FN 2023
SISECAM,2021-2022,70,S,15/01/2022 00:00:00,S0197/21-22,197,10,DR,D029/21-22,null,23,18/01/2022 00:00:00,Imbalance charges
SISECAM,2022-2023,70,S,15/07/2022 00:00:00,S0050/22-23,50,10,DR,D006/22-23,null,23,19/07/2022 00:00:00,Imbalance and Ship or pay for 01-15 July 2022
SISECAM,2022-2023,70,S,15/12/2022 00:00:00,S0194/22-23,194,10,DR,D022/22-23,null,153,20/12/2022 00:00:00,GSPL Imbalance and Ship or pay charges for transmission service for Dec1FN 2022
SISECAM,2022-2023,70,S,31/12/2022 00:00:00,S0201/22-23,201,10,DR,D023/22-23,null,153,03/01/2023 00:00:00,GSPL Imbalance and Ship or pay charges for transmission service for Dec2FN 2022
SISECAM,2023-2024,70,S,15/04/2023 00:00:00,S0010/23-24,10,1,CR,C009/23-24,null,130,20/04/2023 00:00:00,Exchange Rate date was revised to 15 Apr23 from 13th Apr23
SISECAM,2023-2024,70,S,30/11/2023 00:00:00,S0218/23-24,218,10,DR,D023/23-24,null,113,04/12/2023 00:00:00,Imbalance Charges
SISECAM,2023-2024,70,S,15/03/2024 00:00:00,S0414/23-24,414,10,DR,D043/23-24,null,201,19/03/2024 00:00:00,IMBALANCE CHARGES 
SISECAM,2024-2025,70,S,30/06/2024 00:00:00,S0112/24-25,112,10,DR,D008/24-25,null,219,04/07/2024 00:00:00,Imbalance Charges
SISECAM,2024-2025,70,S,15/07/2024 00:00:00,S0130/21-22,130,10,DR,D009/24-25,null,201,17/07/2024 00:00:00,imbalance charges
SISECAM,2024-2025,70,S,31/07/2024 00:00:00,S0147/24-25,147,10,DR,D015/24-25,null,46,02/08/2024 00:00:00,imbalance charges
SISECAM,2024-2025,70,S,15/08/2024 00:00:00,S0163/24-25,163,10,DR,D019/24-25,null,201,20/08/2024 00:00:00,IMBALANCE CHARGES
SISECAM,2024-2025,70,S,31/08/2024 00:00:00,S0173/24-25,173,10,DR,D025/24-25,null,46,04/09/2024 00:00:00,Overrun Charges
OPAL,2023-2024,72,L,15/05/2023 00:00:00,SMH0028/22-23,28,2,DR,DMH008/23-24,null,113,02/06/2023 00:00:00,Change in Price
OPAL,2021-2022,72,L,15/08/2021 00:00:00,SMH0112/24-25,112,10,CR,C004/21-22,null,23,18/08/2021 00:00:00,Change of SEIPL BU
OPAL,2022-2023,72,L,15/08/2022 00:00:00,SMH0039/22-23,39,1,CR,CMH004/22-23,null,130,11/10/2022 00:00:00,Change of exchange rate
OPAL,2023-2024,72,L,15/04/2023 00:00:00,SMH0007/23-24,7,10,N,SMH0007/23-24,null,130,20/04/2023 00:00:00,Exchange Rate date was revised to 15 Apr23 from 13th Apr23
OPAL,2024-2025,72,L,15/05/2024 00:00:00,SMH0018/21-22,18,1,DR,DMH005/24-25,null,201,04/06/2024 00:00:00,Ex rate difference
OPAL,2024-2025,72,L,15/03/2025 00:00:00,S0330/24-25,330,10,N,S0330/24-25,null,46,19/03/2025 00:00:00,SPLIT QNT
RCF,2023-2024,78,L,15/04/2023 00:00:00,SMH0005/23-24,5,1,CR,CMH004/23-24,null,130,20/04/2023 00:00:00,Exchange Rate date was revised to 15 Apr23 from 13th Apr23
RCF,2023-2024,78,L,30/09/2023 00:00:00,SMH0108/23-24,108,1,DR,DMH019/23-24,null,23,09/10/2023 00:00:00,Ex rt Diff_ Ex rt applicable of RIL BP purchase invoice payment
TGLPL,2022-2023,84,S,15/08/2022 00:00:00,S0074/22-23,74,10,DR,D012/22-23,null,23,05/09/2022 00:00:00,Ship or pay charges for 01-15 Aug-22
TGBPL,2023-2024,85,S,15/02/2024 00:00:00,S0365/23-24,365,1,DR,D040/23-24,null,46,21/02/2024 00:00:00,Difference in exchange rate
TGBPL,2023-2024,85,S,29/02/2024 00:00:00,S0386/23-24,386,1,CR,C039/23-24,null,201,05/03/2024 00:00:00,Ex rate difference
TGBPL,2023-2024,85,S,15/01/2024 00:00:00,S0324/23-24,324,1,DR,D031/23-24,null,113,21/01/2024 00:00:00,Ex rate diff as per contract
TGBPL,2023-2024,85,S,31/01/2024 00:00:00,S0349/23-24,349,1,CR,C030/23-24,null,201,07/02/2024 00:00:00,Ex rate Difference
TGBPL,2023-2024,85,S,15/04/2023 00:00:00,S0005/23-24,5,1,CR,C003/23-24,null,130,20/04/2023 00:00:00,Exchange Rate date was revised to 15 Apr23 from 13th Apr23
VVF India,2022-2023,88,S,15/02/2023 00:00:00,SMH0166/22-23,166,10,DR,DMH018/22-23,null,153,17/02/2023 00:00:00,GAIL Imbalance & Overrun Charges for Transmission service for Feb1FN 2023
VVF India,2022-2023,88,S,28/02/2023 00:00:00,SMH0176/22-23,176,10,DR,DMH021/22-23,null,153,03/03/2023 00:00:00,GAIL Imbalance & Overrun Charges for Transmission service for Feb2FN 2023
VVF India,2022-2023,88,S,31/03/2023 00:00:00,SMH0198/22-23,198,10,DR,DMH033/22-23,null,49,03/04/2023 00:00:00,Ship or Pay_ Overrun and Imbalance Charges
VVF India,2023-2024,88,S,30/06/2023 00:00:00,SMH0048/23-24,48,10,DR,DMH014/23-24,null,113,05/07/2023 00:00:00,GAIL Imbalance_ Overrun Charges on account of off-take variation
VVF India,2023-2024,88,S,31/07/2023 00:00:00,SMH0078/23-24,78,10,DR,DMH018/23-24,null,113,02/08/2023 00:00:00,Imbalance Charges/SOP
VVF India,2023-2024,88,S,15/04/2023 00:00:00,SMH0008/23-24,8,10,DR,DMH003/23-24,null,130,19/04/2023 00:00:00,GAIL Imbalance_ Overrun Charges on account of off-take variation
VVF India,2022-2023,88,S,15/03/2023 00:00:00,SMH0182/22-23,182,10,DR,DMH025/22-23,null,49,17/03/2023 00:00:00,Imbalance / Unauthorized over run charges for transmission service
VVF India,2023-2024,88,S,30/04/2023 00:00:00,SMH0016/22-23,16,10,DR,DMH005/23-24,null,130,03/05/2023 00:00:00,GAIL Overrun and Imbalance charges for transmission service
VVF India,2023-2024,88,S,15/07/2023 00:00:00,SMH0063/23-24,63,10,DR,DMH017/23-24,null,113,17/07/2023 00:00:00,Imbalance Charges
VVF India,2023-2024,88,S,15/06/2023 00:00:00,SMH0040/23-24,40,10,DR,DMH011/23-24,null,23,20/06/2023 00:00:00,Imbalance charges
GNFC,2023-2024,89,S,15/11/2023 00:00:00,S0191/23-24,191,3,DR,D018/23-24,null,113,20/11/2023 00:00:00,Qty Diff
GFCL,2022-2023,100,S,31/07/2022 00:00:00,S0060/22-23,60,10,DR,D007/22-23,null,23,03/08/2022 00:00:00,Imbalance and Ship or Pay
GFCL,2022-2023,100,S,31/08/2022 00:00:00,S0081/22-23,81,10,DR,D011/22-23,null,23,02/09/2022 00:00:00,Imbalance charges
GFCL,2022-2023,100,S,15/08/2022 00:00:00,S0070/22-23,70,10,DR,D009/22-23,null,23,18/08/2022 00:00:00,Imbalance charges
GFCL,2023-2024,100,S,15/04/2023 00:00:00,S0007/23-24,7,1,CR,C006/23-24,null,130,20/04/2023 00:00:00,Exchange Rate date was revised to 15 Apr23 from 13th Apr23
CPL,2023-2024,101,S,15/02/2024 00:00:00,SMH0179/23-24,179,1,DR,DMH035/23-24,null,201,21/02/2024 00:00:00,Ex rate Difference
CPL,2023-2024,101,S,29/02/2024 00:00:00,SMH0186/23-24,186,1,CR,CMH017/23-24,null,201,06/03/2024 00:00:00,Ex rate Difference 
CPL,2023-2024,101,S,31/03/2024 00:00:00,SMH0204/23-24,204,1,DR,DMH001/24-25,null,201,04/04/2024 00:00:00,Ex rate Difference 
CPL,2024-2025,101,S,30/06/2024 00:00:00,SMH0035/24-25,35,1,DR,DMH008/24-25,null,219,05/07/2024 00:00:00,Exchange Rate Difference  
CPL,2024-2025,101,S,15/07/2024 00:00:00,SMH0040/24-25,40,1,DR,DMH010/24-25,null,219,22/07/2024 00:00:00,Difference in Exchange rate payment which is made to supplier
CPL,2024-2025,101,S,15/07/2024 00:00:00,SMH0038/24-25,38,1,DR,DMH011/24-25,null,219,22/07/2024 00:00:00,Difference in Exchange rate payment which is made to supplier
CPL,2024-2025,101,S,15/08/2024 00:00:00,SMH0051/24-25,51,1,CR,CMH011/24-25,null,201,21/08/2024 00:00:00,EX RATE DIFF
CPL,2024-2025,101,S,30/09/2024 00:00:00,SMH0062/24-25,62,1,DR,DMH023/24-25,null,46,07/10/2024 00:00:00,EX RATE DIFFERENCE
CPL,2024-2025,101,S,15/10/2024 00:00:00,SMH0066/24-25,66,1,DR,DMH026/24-25,null,46,21/10/2024 00:00:00,DIFF IN EX RATE
CPL,2024-2025,101,S,31/10/2024 00:00:00,SMH0069/24-25,69,1,DR,DMH030/24-25,null,46,07/11/2024 00:00:00,Diff in exchange rate
CPL,2024-2025,101,S,15/11/2024 00:00:00,SMH0072/24-25,72,1,DR,DMH032/24-25,null,201,22/11/2024 00:00:00,Ex rate difference
CPL,2024-2025,101,S,30/11/2024 00:00:00,SMH0075/24-25,75,1,DR,DMH034/24-25,null,46,05/12/2024 00:00:00,Ex rate diff
CPL,2024-2025,101,S,15/01/2025 00:00:00,SMH0083/24-25,83,1,CR,CMH017/24-25,null,46,21/01/2025 00:00:00,Diff in exchange rate
CPL,2024-2025,101,S,31/01/2025 00:00:00,SMH0086/24-25,86,1,DR,DMH041/24-25,null,201,05/02/2025 00:00:00,EX RATE DIFFERENCE
CPL,2024-2025,101,S,28/02/2025 00:00:00,SMH0103/24-25,103,1,CR,CMH021/24-25,null,46,06/03/2025 00:00:00,Diff in ex rate
CPL,2024-2025,101,S,15/03/2025 00:00:00,SMH0108/24-25,108,1,CR,CMH023/24-25,null,46,20/03/2025 00:00:00,DIFF IN EX RATE
CPL,2023-2024,101,S,15/03/2024 00:00:00,SMH0191/23-24,191,1,CR,CMH018/23-24,null,201,20/03/2024 00:00:00,Ex rate difference
CPL,2024-2025,101,S,15/04/2024 00:00:00,SMH0007/24-25,7,1,DR,DMH004/24-25,null,46,22/04/2024 00:00:00,DIFF IN EX RATE
CPL,2024-2025,101,S,30/04/2024 00:00:00,SMH0013/24-25,13,1,CR,CMH003/24-25,null,201,06/05/2024 00:00:00,Ex rate difference
CPL,2024-2025,101,S,15/06/2024 00:00:00,SMH0023/24-25,23,1,CR,CMH008/24-25,null,219,20/06/2024 00:00:00,Difference in Exchange Rate 
CPL,2024-2025,101,S,31/07/2024 00:00:00,SMH0046/22-23,46,1,DR,DMH017/24-25,null,46,06/08/2024 00:00:00,Difference in Exchange rate payment which is made to supplier
CPL,2024-2025,101,S,31/07/2024 00:00:00,SMH0047/24-25,47,1,DR,DMH019/24-25,null,46,06/08/2024 00:00:00,Difference in Exchange rate payment which is made to supplier
CPL,2024-2025,101,S,31/08/2024 00:00:00,SMH0056/24-25,56,1,DR,DMH021/24-25,null,46,05/09/2024 00:00:00,DIFF IN EX RATE
CPL,2024-2025,101,S,15/09/2024 00:00:00,SMH0059/24-25,59,1,CR,CMH015/24-25,null,201,20/09/2024 00:00:00,EX RATE DIFFERENCE
CPL,2024-2025,101,S,15/12/2024 00:00:00,SMH0076/24-25,76,1,DR,DMH036/24-25,null,46,19/12/2024 00:00:00,Diff in ex rate
CPL,2024-2025,101,S,31/12/2024 00:00:00,SMH0080/24-25,80,1,DR,DMH038/24-25,null,201,06/01/2025 00:00:00,Ex rate difference
CPL,2024-2025,101,S,15/02/2025 00:00:00,SMH0091/24-25,91,1,CR,CMH020/24-25,null,46,24/02/2025 00:00:00,Diff in ex rate
CPL,2024-2025,101,S,31/03/2025 00:00:00,SMH0114/24-25,114,1,DR,2DRMH0002/25-26,null,201,09/04/2025 00:00:00,EX RATE DIFFERENCE
INPEROX,2023-2024,105,S,29/02/2024 00:00:00,S0392/23-24,392,1,CR,C038/23-24,null,201,05/03/2024 00:00:00,Ex rate difference
INPEROX,2023-2024,105,S,15/09/2023 00:00:00,S0140/23-24,140,10,DR,D003/23-24,null,23,20/09/2023 00:00:00,Debit note for Other charges
INPEROX,2023-2024,105,S,31/10/2023 00:00:00,S0172/23-24,172,1,CR,C020/23-24,null,113,07/11/2023 00:00:00,Credit Note as per contract
INPEROX,2023-2024,105,S,15/10/2023 00:00:00,S0162/23-24,162,1,CR,C019/23-24,null,113,07/11/2023 00:00:00,Credit Note as per contract
INPEROX,2023-2024,105,S,15/11/2023 00:00:00,S0193/23-24,193,1,DR,D017/23-24,null,113,20/11/2023 00:00:00,Upstream supplier Payment exchange rate
INPEROX,2023-2024,105,S,31/12/2023 00:00:00,S0257/23-24,257,1,DR,D025/23-24,null,201,04/01/2024 00:00:00,Ex Rate Difference 
INPEROX,2023-2024,105,S,15/12/2023 00:00:00,S0232/23-24,232,1,CR,C029/23-24,null,201,20/12/2023 00:00:00,Ex Rate Difference 
INPEROX,2023-2024,105,S,30/11/2023 00:00:00,S0217/23-24,217,1,CR,C027/23-24,null,201,05/12/2023 00:00:00,Exchange rate diff 
INPEROX,2023-2024,105,S,31/01/2024 00:00:00,S0355/23-24,355,1,CR,C034/23-24,null,201,07/02/2024 00:00:00,Ex rate difference 
INPEROX,2023-2024,105,S,30/09/2023 00:00:00,S0152/23-24,152,1,DR,D004/23-24,null,23,09/10/2023 00:00:00,Diff in ex rt_ Ex rt to be used same as purchase of gas payment
INPEROX,2023-2024,105,S,15/01/2024 00:00:00,S0325/23-24,325,1,DR,D028/23-24,null,201,19/01/2024 00:00:00,EX RATE DIFF
INPEROX,2023-2024,105,S,15/02/2024 00:00:00,S0366/23-24,366,1,DR,D038/23-24,null,46,21/02/2024 00:00:00,Difference in exchange rate
INPEROX,2023-2024,105,S,31/03/2024 00:00:00,S0434/23-24,434,1,DR,D001/24-25,null,201,04/04/2024 00:00:00,Ex rate Difference
INPEROX,2023-2024,105,S,15/03/2024 00:00:00,S0409/23-24,409,1,CR,C041/23-24,null,46,20/03/2024 00:00:00,Diff in ex rate
RAFECHL,2024-2025,106,L,15/01/2025 00:00:00,SMH0085/24-25,85,10,N,SMH0085/24-25,null,46,14/02/2025 00:00:00,Compression charges
RAFECHL,2024-2025,106,L,31/01/2025 00:00:00,SMH0090/24-25,90,10,N,SMH0090/24-25,null,46,14/02/2025 00:00:00,Compression charges
HINDURV,2023-2024,116,L,15/04/2023 00:00:00,S0003/23-24,3,1,CR,C004/23-24,null,130,20/04/2023 00:00:00,Exchange Rate date was revised to 15 Apr23 from 13th Apr23
HINDURV,2022-2023,116,L,21/03/2023 00:00:00,S0280/22-23,280,10,N,S0280/22-23,null,23,09/10/2023 00:00:00,To charge TCS amount for inv no. 61_ 63_80
GOAGLSF,2022-2023,110,S,15/02/2023 00:00:00,SMH0165/22-23,165,10,DR,DMH019/22-23,null,130,17/02/2023 00:00:00,GAIL Imbalance and Overrun Charges on account of off-take variation
GOAGLSF,2022-2023,110,S,28/02/2023 00:00:00,SMH0170/22-23,170,10,DR,DMH022/22-23,null,153,03/03/2023 00:00:00,GAIL Imbalance Charges for Transmission service for Feb2FN 2023
GOAGLSF,2022-2023,110,S,31/03/2023 00:00:00,SMH0199/22-23,199,10,DR,DMH030/22-23,null,23,03/04/2023 00:00:00,Imbalance charges
GOAGLSF,2022-2023,110,S,15/01/2023 00:00:00,SMH0145/22-23,145,10,DR,DMH013/22-23,null,49,17/01/2023 00:00:00,Imbalance / Unauthorized over run charges for transmission service
GOAGLSF,2022-2023,110,S,15/12/2022 00:00:00,SMH0130/22-23,130,10,DR,DMH007/22-23,null,23,19/12/2022 00:00:00,Imbalance and overrun charges
GOAGLSF,2022-2023,110,S,31/01/2023 00:00:00,SMH0155/22-23,155,10,DR,DMH015/22-23,null,23,02/02/2023 00:00:00,Imbalance charges
GOAGLSF,2022-2023,110,S,15/03/2023 00:00:00,SMH0188/22-23,188,10,DR,DMH026/22-23,null,49,17/03/2023 00:00:00,Imbalance / Unauthorized over run charges for transmission service
GOAGLSF,2022-2023,110,S,31/12/2022 00:00:00,SMH0131/22-23,131,10,DR,DMH009/22-23,null,153,03/01/2023 00:00:00,GAIL Imbalance and Overrun charges for transmission service for Dec2FN 2022
GOAGLSF,2023-2024,110,S,15/04/2023 00:00:00,SMH0006/23-24,6,1,CR,CMH002/23-24,null,130,20/04/2023 00:00:00,Exchange Rate date was revised to 15 Apr23 from 13th Apr23
GOAGLSF,2025-2026,110,S,15/05/2025 00:00:00,2SMH0018/25-26,18,10,DR,2DRMH0006/25-26,null,201,19/05/2025 00:00:00,IMBALANCE CHARGES
GOAGLSF,2025-2026,110,S,30/06/2025 00:00:00,2SMH0035/25-26,35,10,DR,2DRMH0009/25-26,null,201,03/07/2025 00:00:00,Ship or Pay charges
GOAGLSF,2025-2026,110,S,15/07/2025 00:00:00,2SMH0041/25-26,41,10,DR,2DRMH0010/25-26,null,46,18/07/2025 00:00:00,Imbalance charges
GOAGLSF,2025-2026,110,S,31/07/2025 00:00:00,2SMH0048/25-26,48,10,DR,2DRMH0011/25-26,null,46,04/08/2025 00:00:00,IMBALANCE CHARGES
GOAGLSF,2024-2025,110,S,15/10/2024 00:00:00,SMH0064/24-25,64,10,DR,DMH024/24-25,null,201,18/10/2024 00:00:00,Imbalance charges
GOAGLSF,2024-2025,110,S,31/10/2024 00:00:00,SMH0068/24-25,68,10,DR,DMH027/24-25,null,46,05/11/2024 00:00:00,Imbalance charges
GOAGLSF,2024-2025,110,S,15/11/2024 00:00:00,SMH0073/24-25,73,10,DR,DMH031/24-25,null,201,19/11/2024 00:00:00,Imbalance charges
GOAGLSF,2024-2025,110,S,30/11/2024 00:00:00,SMH0074/24-25,74,10,DR,DMH033/24-25,null,201,02/12/2024 00:00:00,Imbalance charges
GOAGLSF,2024-2025,110,S,15/12/2024 00:00:00,SMH0077/24-25,77,10,DR,DMH035/24-25,null,46,18/12/2024 00:00:00,Imbalance charges
GOAGLSF,2024-2025,110,S,31/12/2024 00:00:00,SMH0081/24-25,81,10,DR,DMH037/24-25,null,46,03/01/2025 00:00:00,IMBALANCE CHARGES
GOAGLSF,2025-2026,110,S,15/04/2025 00:00:00,2SMH0003/25-26,3,10,DR,2DRMH0004/25-26,null,201,22/04/2025 00:00:00,IMBALA
GOAGLSF,2025-2026,110,S,30/04/2025 00:00:00,2SMH0009/25-26,9,10,DR,2DRMH0005/25-26,null,46,02/05/2025 00:00:00,IMBALANCE CHARGES
GOAGLSF,2025-2026,110,S,31/05/2025 00:00:00,2SMH0022/25-26,22,10,DR,2DRMH0007/25-26,null,46,03/06/2025 00:00:00,IMBALANCE CHARGES
GOAGLSF,2025-2026,110,S,15/06/2025 00:00:00,2SMH0031/25-26,31,10,DR,2DRMH0008/25-26,null,46,18/06/2025 00:00:00,Imbalance charges
PEFORCV,2023-2024,112,S,15/04/2023 00:00:00,SMH0009/23-24,9,1,CR,CMH003/23-24,null,130,20/04/2023 00:00:00,Exchange Rate date was revised to 15 Apr23 from 13th Apr23
DCMSHRI,2023-2024,121,L,15/04/2023 00:00:00,S0002/23-24,2,1,CR,C002/23-24,null,130,20/04/2023 00:00:00,Exchange Rate date was revised to 15 Apr23 from 13th Apr23
HINAGIL,2024-2025,147,S,30/04/2024 00:00:00,SMH0011/24-25,11,1,CR,CMH005/24-25,null,201,06/05/2024 00:00:00,Ex rate difference
NEL,2023-2024,117,S,15/07/2023 00:00:00,S0089/23-24,89,2,DR,D002/23-24,null,113,17/07/2023 00:00:00,Diff in TT
TASTELI,2022-2023,114,S,31/03/2023 00:00:00,SMH0201/22-23,201,10,DR,DMH032/22-23,null,23,03/04/2023 00:00:00,Imbalance charges
TASTELI,2022-2023,114,S,15/02/2023 00:00:00,SMH0168/22-23,168,10,DR,DMH017/22-23,null,153,17/02/2023 00:00:00,GAIL Imbalance Charges for Transmission service for Feb1FN 2023
TASTELI,2023-2024,114,S,15/04/2023 00:00:00,SMH0002/23-24,2,10,DR,DMH002/23-24,null,130,19/04/2023 00:00:00,GAIL Imbalance charges on account of off-take variation
TASTELI,2023-2024,114,S,31/05/2023 00:00:00,SMH0032/23-24,32,10,DR,DMH009/23-24,null,113,02/06/2023 00:00:00,Imbalance Charges
TASTELI,2022-2023,114,S,28/02/2023 00:00:00,SMH0177/22-23,177,10,DR,DMH020/22-23,null,153,03/03/2023 00:00:00,GAIL Imbalance Charges for Transmission service for Feb2FN 2023
TASTELI,2022-2023,114,S,15/03/2023 00:00:00,SMH0181/22-23,181,10,DR,DMH027/22-23,null,49,17/03/2023 00:00:00,Imbalance charges for transmission service
TASTELI,2023-2024,114,S,30/04/2023 00:00:00,SMH0013/23-24,13,10,DR,DMH004/23-24,null,130,03/05/2023 00:00:00,GAIL Imbalance charges for transmission service
TASTELI,2023-2024,114,S,15/05/2023 00:00:00,SMH0022/23-24,22,10,DR,DMH007/23-24,null,49,17/05/2023 00:00:00,Imbalance charges for transmission service
TASTELI,2023-2024,114,S,07/06/2023 00:00:00,SMH0036/23-24,36,10,DR,DMH010/23-24,null,113,20/06/2023 00:00:00,Debit note for Imbalance charges
TASTELI,2024-2025,114,S,30/06/2024 00:00:00,SMH0033/24-25,33,1,DR,DMH009/24-25,null,219,05/07/2024 00:00:00,Exchange rate deference 
TASTELI,2024-2025,114,S,15/07/2024 00:00:00,SMH0041/24-25,41,1,DR,DMH013/24-25,null,219,22/07/2024 00:00:00,Difference in Exchange rate payment which is made to supplier
TASTELI,2024-2025,114,S,15/06/2024 00:00:00,SMH0027/24-25,27,1,CR,CMH009/24-25,null,219,20/06/2024 00:00:00,Difference in Exchange rate
TASTELI,2024-2025,114,S,31/07/2024 00:00:00,SMH0048/24-25,48,1,DR,DMH018/24-25,null,46,06/08/2024 00:00:00,Difference in Exchange rate payment which is made to supplier
HMEL,2023-2024,113,L,15/03/2024 00:00:00,SMH0194/23-24,194,10,DR,DMH038/23-24,null,23,19/03/2024 00:00:00,Change in weighted av ex rt and addition of TT
HMEL,2024-2025,113,L,15/11/2024 00:00:00,S0229/24-25,229,10,DR,D028/24-25,null,46,18/11/2024 00:00:00,Transportation tariff
HMEL,2024-2025,113,L,15/01/2025 00:00:00,S0270/24-25,270,10,DR,D036/24-25,null,201,17/01/2025 00:00:00,IMBALANCE CHARGES
HMEL,2024-2025,113,L,31/01/2025 00:00:00,S0297/24-25,297,6,CR,C010/24-25,null,46,03/02/2025 00:00:00,Transportation Tariff
HMEL,2025-2026,113,L,30/04/2025 00:00:00,SAP0011/24-25,11,1,DR,2DRGJ0002/25-26,null,201,05/05/2025 00:00:00,EX RATE DIFFERENCE
HMEL,2025-2026,113,L,30/04/2025 00:00:00,SAP0010/24-25,10,1,DR,2DRGJ0001/25-26,null,201,05/05/2025 00:00:00,EX RATE DIFFERENCE
HMEL,2024-2025,113,L,30/11/2024 00:00:00,S0241/24-25,241,10,DR,D031/24-25,null,46,02/12/2024 00:00:00,Imbalance charges
HMEL,2024-2025,113,L,31/03/2025 00:00:00,SMH0117/24-25,117,10,DR,2DRMH0001/25-26,null,46,03/04/2025 00:00:00,Imbalance charges
HMEL,2025-2026,113,L,31/08/2025 00:00:00,2SAP0026/25-26,26,10,N,2SAP0026/25-26,null,256,04/09/2025 00:00:00,ER diff for 27th August 
HMEL,2025-2026,113,L,31/08/2025 00:00:00,2SAP0025/25-26,25,10,N,2SAP0025/25-26,null,256,04/09/2025 00:00:00,ER diff for 27th August 
BOROREN,2023-2024,136,S,15/01/2024 00:00:00,S0323/23-24,323,10,DR,D027/23-24,null,201,18/01/2024 00:00:00,Imbalance charge
BOROREN,2023-2024,136,S,31/01/2024 00:00:00,S0354/23-24,354,10,DR,D035/23-24,null,201,05/02/2024 00:00:00,IMBALANCE CHARGES
SUMGLAS,2023-2024,134,S,31/10/2023 00:00:00,S0177/23-24,177,10,DR,D011/23-24,null,201,03/11/2023 00:00:00,IMBALANCE QTY
SVTPLIN,2023-2024,135,S,15/02/2024 00:00:00,S0369/23-24,369,1,DR,D041/23-24,null,46,21/02/2024 00:00:00,Difference in exchange rate
SVTPLIN,2023-2024,135,S,29/02/2024 00:00:00,S0391/23-24,391,1,CR,C037/23-24,null,201,05/03/2024 00:00:00,Ex rate difference 
SVTPLIN,2023-2024,135,S,31/01/2024 00:00:00,S0358/23-24,358,10,DR,D033/23-24,null,46,02/02/2024 00:00:00,Imbalance charge invoice
SVTPLIN,2023-2024,135,S,15/03/2024 00:00:00,S0410/23-24,410,10,DR,D044/23-24,null,201,19/03/2024 00:00:00,IMBALANCE CHARGES
SVTPLIN,2023-2024,135,S,31/03/2024 00:00:00,S0435/23-24,435,1,DR,D048/23-24,null,201,02/04/2024 00:00:00,Imbalance charges
SVTPLIN,2024-2025,135,S,30/04/2024 00:00:00,S0030/24-25,30,1,CR,C001/24-25,null,201,06/05/2024 00:00:00,EX RATE DIFFERENCE
SVTPLIN,2024-2025,135,S,01/05/2024 00:00:00,S0031/24-25,31,1,CR,C002/24-25,null,46,22/05/2024 00:00:00,DIFF IN EX RATE
SVTPLIN,2024-2025,135,S,15/04/2024 00:00:00,S0014/24-25,14,1,DR,D005/24-25,null,201,22/04/2024 00:00:00,EX RATE DIFFERENCE
LANCOKO,2025-2026,146,S,31/07/2025 00:00:00,2SAP0014/25-26,14,10,DR,2DRAP0001/25-26,null,201,05/08/2025 00:00:00,imbalance charges
LANCOKO,2025-2026,146,S,15/08/2025 00:00:00,2SAP0020/25-26,20,10,DR,2DRAP0002/25-26,null,46,18/08/2025 00:00:00,Imbalance  & UnAth Overrun Charges
LANCOKO,2025-2026,146,S,31/08/2025 00:00:00,2SAP0023/25-26,23,10,DR,2DRAP0003/25-26,null,256,03/09/2025 00:00:00,Imbalance  & UnAth Overrun Charges
CRMNDEL,2024-2025,149,S,15/07/2024 00:00:00,SAP0001/24-25,1,1,DR,DAP001/24-25,null,219,22/07/2024 00:00:00,Difference in Exchange rate payment which is made to supplier
CRMNDEL,2024-2025,149,S,31/07/2024 00:00:00,SAP0002/24-25,2,3,DR,DAP002/24-25,null,201,06/08/2024 00:00:00,Ex rate diff
